<?xml version="1.0" encoding="utf-8"?>
<extension type="component" version="3.6" method="upgrade">
	<name>com_glogger</name>
	<creationDate>November2016</creationDate>
	<author>Greg Podesta</author>
	<authorEmail>gdp.extras@gmail.com</authorEmail>
	<authorUrl></authorUrl>
    <copyright>(C) 2016 Greg Podesta. All rights reserved.</copyright>
    <license>GNU General Public License version 2 or later; see LICENSE.txt</license>
	<version>1.0.0</version>
	<description>COM_GLOGGER_XML_DESCRIPTION</description>

	<install>
		<sql>
			<file driver="mysql" charset="utf8">sql/install.mysql.utf8.sql</file>
		</sql>
	</install>
	<uninstall>
		<sql>
			<file driver="mysql" charset="utf8">sql/uninstall.mysql.utf8.sql</file>
		</sql>
	</uninstall>
	<update>
		<schemas>
			<schemapath type="mysql">sql/updates</schemapath>
		</schemas>
	</update>

	<files folder="site">
		<filename>controller.php</filename>
		<filename>index.html</filename>
		<filename>glogger.php</filename>
		<filename>router.php</filename>
		<folder>controllers</folder>
        <folder>css</folder>
		<folder>helpers</folder>
		<folder>models</folder>
		<folder>views</folder>
	</files>

	<languages folder="site">
		<language tag="en-GB">language/en-GB.com_glogger.ini</language>
	</languages>

	<administration>
		<menu link="index.php?option=com_glogger">Glogger</menu>
		<submenu>
			<menu link="option=com_glogger&amp;view=glogs">gLogs</menu>
		</submenu>
		<files folder="admin">
			<filename>access.xml</filename>
			<filename>config.xml</filename>
			<filename>controller.php</filename>
			<filename>index.html</filename>
			<filename>glogger.php</filename>
			<folder>controllers</folder>
			<folder>helpers</folder>
			<folder>models</folder>
			<folder>tables</folder>
			<folder>sql</folder>
			<folder>views</folder>
		</files>
		<languages folder="admin">
			<language tag="en-GB">language/en-GB.com_glogger.ini</language>
			<language tag="en-GB">language/en-GB.com_glogger.sys.ini</language>
		</languages>
	</administration>

	<updateservers>
	</updateservers>
</extension>
